Code,Occupation_Name,Nom_de_la_profession,Employment_emploi_2016,Employment_Growth_croissance_emploi,Retirements_retraites,Other_Replacement_autre_remplacement,Total_Job_Openings_Perspective_d'emploi,School_Leavers_Sortants_scolaires,Immigration,Other_Seekers_autres_chercheurs,Job_Seekers_Chercheurs_emploi,Recent_Labour_Market_Conditions,Conditions_récentes_sur_le_marché_du_travail,Future_Labour_Market_Conditions,Conditions_futures_sur_le_marché_du_travail
N0000,All Occupations,Tous les professions,18081600,1637200,3895400,817100,6349700,4870200,1432600,15400,6318100,N/A,N/D,N/A,N/D
SL_A,Occupations usually require university education.,Une formation universitaire caractérise habituellement les professions.,3636000,562700,742400,164900,1470100,1361900,279300,-216300,1424900,N/A,N/D,N/A,N/D
SL_B,Occupations usually require college or vocational education or apprenticeship training.,Une formation collégiale ou professionnelle ou un programme d'apprentissage caractérise habituellement les professions.,6205700,606300,1296200,271900,2174400,1697200,370200,128600,2195900,N/A,N/D,N/A,N/D
SL_C,Occupations usually require secondary school and/or occupation-specific training.,Une formation de niveau secondaire et quelques cours de courte durée ou une formation spécifique à la profession,4672100,241800,1040800,209600,1492100,1224600,426500,-182400,1468800,N/A,N/D,N/A,N/D
SL_D,On-the-job training is usually provided for occupations.,Une formation en cours d'emploi caractérise habituellement les professions,1953300,149700,334100,82700,566600,540200,238200,-180900,597500,N/A,N/D,N/A,N/D
SL_M,Management Occupations,Les professions de la gestion,1614500,76600,481900,87900,646400,46300,118400,466400,631100,N/A,N/D,N/A,N/D
ST_SM,Legislators and senior management,Cadres supérieurs ,51000,-1300,22100,3100,24000,1300,9700,12300,23400,N/A,N/D,N/A,N/D
ST_1,"Business, finance and administration occupations","Affaires, finance et administration",3126500,178800,844700,143100,1166600,806300,221000,121300,1148600,N/A,N/D,N/A,N/D
ST_2,Natural and applied sciences and related occupations,Sciences naturelles et appliquées et domaines apparentés,1503600,218000,304800,65200,588000,537500,161500,-110700,588400,N/A,N/D,N/A,N/D
ST_3,Health occupations,Secteur de la santé,1368300,302500,286200,62000,650600,420500,87800,92800,601100,N/A,N/D,N/A,N/D
ST_4,"Occupations in education, law and social, community and government services","Enseignement, droit et services sociaux, communautaires et gouvernementaux",2196200,257600,461200,96700,815500,741900,154500,-69400,826900,N/A,N/D,N/A,N/D
ST_5,"Occupations in art, culture, recreation and sport","Arts, culture, sports et loisirs",569300,64000,87500,25500,177100,207600,35600,-61600,181600,N/A,N/D,N/A,N/D
ST_6,Sales and service occupations,Vente et services,4962800,343000,923700,216800,1483500,1247000,442900,-159100,1530800,N/A,N/D,N/A,N/D
ST_7,"Trades, transport and equipment operators and related occupations","Métiers, transport, machinerie et domaines apparentés",2831200,226100,605400,129700,961200,652100,179400,117500,949000,N/A,N/D,N/A,N/D
ST_8,"Natural resources, agriculture and related production occupations","Ressources naturelles, agriculture et production connexe",535700,5300,104300,30100,139700,103100,24200,12800,140100,N/A,N/D,N/A,N/D
ST_9,Occupations in manufacturing and utilities,Fabrication et services d'utilité publique,937100,43100,255600,44900,343500,152800,116000,59300,328200,N/A,N/D,N/A,N/D
N0010,Legislators and senior management,Membres des corps législatifs et cadres supérieurs/cadres supérieures,51000,-1300,22100,3100,24000,1300,9700,12300,23400,BALANCE,À L'ÉQUILIBRE,Balance,À L'ÉQUILIBRE
N0111,Financial managers,Directeurs financiers/directrices financières.,58200,4900,20200,2800,27800,3000,4800,18600,26500,BALANCE,À L'ÉQUILIBRE,Balance,À L'ÉQUILIBRE
N0112,Human resources managers,Directeurs/directrices des ressources humaines.,28900,3800,10500,1400,15600,1100,2700,10900,14700,BALANCE,À L'ÉQUILIBRE,Balance,À L'ÉQUILIBRE
N0113,"Purchasing managers & Senior managers - health, education, social and community services and membership organizations",Directeurs/directrices des achats; Directeurs/directrices d'autres services administratifs.,20700,1200,7700,1000,9900,1800,2600,5700,10200,BALANCE,À L'ÉQUILIBRE,Balance,À L'ÉQUILIBRE
N0121,"Insurance, real estate and financial brokerage managers","Directeurs/directrices des assurances, de l'immobilier et du courtage financier.",27100,3500,8100,1400,13000,600,2600,10500,13700,BALANCE,À L'ÉQUILIBRE,Balance,À L'ÉQUILIBRE
N0122,"Banking, credit and other investment managers","Directeurs/directrices de banque, du crédit et d'autres services de placements.",48300,2100,12600,2000,16700,4800,5900,6000,16600,BALANCE,À L'ÉQUILIBRE,Balance,À L'ÉQUILIBRE
N0124,"Advertising, marketing and public relations managers & Other business services managers","Directeurs/directrices de la publicité, du marketing et des relations publiques; Directeurs/directrices d'autres services aux entreprises.",48900,2300,13900,2400,18600,2000,6800,9900,18600,BALANCE,À L'ÉQUILIBRE,Balance,À L'ÉQUILIBRE
N0130,Managers in communication (except broadcasting),Directeurs/directrices des services de communications (sauf la radiotélédiffusion),12900,200,1300,500,2000,300,1300,700,2200,SURPLUS,SURPLUS,Surplus,SURPLUS
N0211,Engineering managers & Architecture and science managers,Directeurs/directrices des services de génie; Directeurs/directrices des services d'architecture et de sciences.,30900,4400,8500,1500,14300,3000,2300,8200,13500,BALANCE,À L'ÉQUILIBRE,Balance,À L'ÉQUILIBRE
N0213,Computer and information systems managers,Gestionnaires des systèmes informatiques.,69100,17200,12000,3300,32500,3000,4900,24800,32700,BALANCE,À L'ÉQUILIBRE,Balance,À L'ÉQUILIBRE
N0311,Managers in health care,Directeurs/directrices des soins de santé.,28700,2300,11400,1500,15100,200,1300,12600,14100,BALANCE,À L'ÉQUILIBRE,Balance,À L'ÉQUILIBRE
N0410,Managers in public administration,Directeurs/directrices de la fonction publique,38700,2700,13000,1800,17600,1600,700,14400,16700,BALANCE,À L'ÉQUILIBRE,Balance,À L'ÉQUILIBRE
N0421,Administrators - post-secondary education and vocational training,Administrateurs/administratrices - enseignement postsecondaire et formation professionnelle  .,13300,500,5600,800,6900,0,1100,5800,6900,BALANCE,À L'ÉQUILIBRE,Balance,À L'ÉQUILIBRE
N0422,School principals and administrators of elementary and secondary education,Directeurs/directrices d'école et administrateurs/administratrices de programmes d'enseignement aux niveaux primaire et secondaire.,24500,1200,10600,1200,13000,3900,700,7900,12500,BALANCE,À L'ÉQUILIBRE,Balance,À L'ÉQUILIBRE
N0423,"Managers in social, community and correctional services","Directeurs/directrices des services sociaux, communautaires et correctionnels.",41500,7300,15400,2400,25100,3300,1200,20400,24900,BALANCE,À L'ÉQUILIBRE,Balance,À L'ÉQUILIBRE
N0430,Managers in public protection services,Directeurs/directrices des services de la protection du public,4000,100,2100,200,2400,100,700,1500,2200,BALANCE,À L'ÉQUILIBRE,Balance,À L'ÉQUILIBRE
N0510,"Managers in art, culture, recreation and sport","Directeurs/directrices des arts, de la culture, des sports et des loisirs",13300,800,4500,700,5900,600,1700,3300,5600,BALANCE,À L'ÉQUILIBRE,Balance,À L'ÉQUILIBRE
N0601,Corporate sales managers,Directeurs/directrices des ventes corporatives.,25500,200,5600,1100,6800,1900,4800,-400,6400,BALANCE,À L'ÉQUILIBRE,Balance,À L'ÉQUILIBRE
N0621,Retail and wholesale trade managers,Directeurs/directrices - commerce de détail et de gros.,318100,-11000,96600,16300,101900,6800,24300,68100,99200,BALANCE,À L'ÉQUILIBRE,Balance,À L'ÉQUILIBRE
N0631,Restaurant and food service managers,Directeurs/directrices de la restauration et des services alimentaires.,118100,7000,20200,5600,32900,1300,13100,18300,32700,BALANCE,À L'ÉQUILIBRE,Balance,À L'ÉQUILIBRE
N0632,Accommodation service managers,Directeurs/directrices des services d'hébergement.,61200,7900,24300,5200,37500,0,1900,35300,37200,BALANCE,À L'ÉQUILIBRE,Balance,À L'ÉQUILIBRE
N0651,"Managers in customer and personal services, n.e.c.","Directeurs/directrices du service à la clientèle et des services personnels, n.c.a..",18200,1300,6400,1000,8600,500,2100,6100,8700,BALANCE,À L'ÉQUILIBRE,Balance,À L'ÉQUILIBRE
N0711,Construction managers,Directeurs/directrices de la construction.,70200,7800,17200,3200,28100,500,5000,21100,26700,BALANCE,À L'ÉQUILIBRE,Balance,À L'ÉQUILIBRE
N0712,Home building and renovation managers,Gestionnaires et rénovateurs/rénovatrices en construction domiciliaire.,134100,15700,40200,6700,62700,300,2900,56900,60100,BALANCE,À L'ÉQUILIBRE,Balance,À L'ÉQUILIBRE
N0714,Facility operation and maintenance managers,Directeurs/directrices de l'exploitation et de l'entretien d'immeubles.,26900,800,9600,1400,11800,1700,2200,7900,11900,SURPLUS,SURPLUS,Surplus,SURPLUS
N0731,Managers in transportation,Directeurs/directrices des transports.,21500,2300,7500,1200,11100,400,1800,8400,10600,BALANCE,À L'ÉQUILIBRE,Balance,À L'ÉQUILIBRE
N0811,Managers in natural resources production and fishing,Directeurs/directrices de l'exploitation des ressources naturelles et de la pêche.,14100,1800,3500,700,6000,200,600,5200,5900,BALANCE,À L'ÉQUILIBRE,Balance,À L'ÉQUILIBRE
N0820,"Managers in agriculture, horticulture and aquaculture","Gestionnaires en agriculture, horticulture et en aquaculture",166200,-13700,48300,13400,48000,600,3500,43500,47500,BALANCE,À L'ÉQUILIBRE,Balance,À L'ÉQUILIBRE
N0910,Managers in manufacturing and utilities,Directeurs/directrices de la fabrication et des services d'utilité publique,80500,3300,23200,4100,30600,1300,5200,22600,29100,BALANCE,À L'ÉQUILIBRE,Balance,À L'ÉQUILIBRE
N1111,Financial auditors and accountants,Vérificateurs/vérificatrices et comptables.,220200,29100,54300,11000,94400,81700,18400,-6000,94100,BALANCE,À L'ÉQUILIBRE,Balance,À L'ÉQUILIBRE
N1112,Financial and investment analysts,Analystes financiers/analystes financières et analystes en placements.,63800,15100,9700,2500,27400,33700,5100,-9700,29000,BALANCE,À L'ÉQUILIBRE,Balance,À L'ÉQUILIBRE
N1113,"Securities agents, investment dealers and brokers","Agents/agentes en valeurs, agents/agentes en placements et négociateurs/négociatrices en valeurs.",21300,2100,4100,1000,7200,7900,1900,-3000,6900,BALANCE,À L'ÉQUILIBRE,Balance,À L'ÉQUILIBRE
N1114,Other financial officers,Autres agents financiers/agentes financières.,134100,21700,29900,6300,57900,37400,6600,14100,58000,BALANCE,À L'ÉQUILIBRE,Balance,À L'ÉQUILIBRE
N1121,Human resources professionals,Professionnels/professionnelles en ressources humaines.,99900,22700,18300,4500,45400,32400,3000,11200,46600,BALANCE,À L'ÉQUILIBRE,Balance,À L'ÉQUILIBRE
N1122,Professional occupations in business management consulting,Professionnels/professionnelles des services-conseils en gestion aux entreprises.,93700,7900,26800,5200,39900,26600,7500,6400,40600,BALANCE,À L'ÉQUILIBRE,Balance,À L'ÉQUILIBRE
N1123,"Professional occupations in advertising, marketing and public relations","Professionnels/professionnelles en publicité, en marketing et en relations publiques.",105900,15300,17100,3800,36200,52400,6300,-22100,36600,BALANCE,À L'ÉQUILIBRE,Balance,À L'ÉQUILIBRE
N1211,"Supervisors, general office and administrative support workers",Superviseurs/superviseures de commis de bureau et du personnel de soutien administratif.,20000,1500,6800,900,9200,3100,400,5300,8700,SURPLUS,SURPLUS,Surplus,SURPLUS
N1212,"Supervisors, finance and insurance office workers",Superviseurs/superviseures de commis de finance et d'assurance.,62800,9100,17300,2900,29400,13000,800,16100,29900,BALANCE,À L'ÉQUILIBRE,Balance,À L'ÉQUILIBRE
N1213,"Supervisors, library, correspondence and related information workers; Supervisors, mail and message distribution occupations & Supervisors, supply chain, tracking and scheduling co-ordination occupations","Superviseurs/superviseures de commis de bibliothèque, de correspondanciers et d'autres commis à l'information; Superviseurs/superviseures de services postaux et de messageries; Superviseurs/superviseures du personnel de coordination de la chaîne d'approvisionnement, du suivi et des horaires.",102000,13300,28700,4300,46300,15200,3700,26000,44900,BALANCE,À L'ÉQUILIBRE,Balance,À L'ÉQUILIBRE
N1221,Administrative officers,Agents/agentes d'administration.,228900,32300,74800,11000,118100,52800,14000,54100,120800,BALANCE,À L'ÉQUILIBRE,Balance,À L'ÉQUILIBRE
N1222,Executive assistants,Adjoints/adjointes de direction.,34000,4400,12700,1700,18700,9100,2500,6200,17900,BALANCE,À L'ÉQUILIBRE,Balance,À L'ÉQUILIBRE
N1223,Human resources and recruitment officers,Agents/agentes des ressources humaines et de recrutement.,37000,5800,5800,1300,12900,17600,2600,-6700,13500,BALANCE,À L'ÉQUILIBRE,Balance,À L'ÉQUILIBRE
N1224,Property administrators,Agents/agentes de gestion immobilière.,33200,1600,12500,1700,15800,6500,3000,6100,15600,BALANCE,À L'ÉQUILIBRE,Balance,À L'ÉQUILIBRE
N1225,Purchasing agents and officers,Agents/agentes aux achats.,52600,6800,15500,2300,24600,14000,3300,6900,24200,BALANCE,À L'ÉQUILIBRE,Balance,À L'ÉQUILIBRE
N1226,Conference and event planners,Planificateurs/planificatrices de congrès et d'événements.,25800,4700,3900,1100,9600,11100,1400,-1800,10700,BALANCE,À L'ÉQUILIBRE,Surplus,SURPLUS
N1227,"Court officers and justices of the peace & Employment insurance, immigration, border services and revenue officers","Juges de paix et officiers/officières de justice; Agents/agentes d'assurance-emploi, d'immigration, de services frontaliers et du revenu.",48900,7100,11700,2300,21100,9800,1000,10300,21200,BALANCE,À L'ÉQUILIBRE,Balance,À L'ÉQUILIBRE
N1241,Administrative assistants,Adjoints administratifs/adjointes administratives.,204000,-34600,46200,9600,21200,22600,17200,-22000,17900,BALANCE,À L'ÉQUILIBRE,Balance,À L'ÉQUILIBRE
N1242,Legal administrative assistants,Adjoints administratifs juridiques/adjointes administratives juridiques.,44000,2900,9800,2100,14900,11500,1800,900,14200,BALANCE,À L'ÉQUILIBRE,Balance,À L'ÉQUILIBRE
N1243,Medical administrative assistants,Adjoints administratifs médicaux/adjointes administratives médicales.,48500,4900,11600,2500,19000,8900,500,8400,17700,BALANCE,À L'ÉQUILIBRE,Balance,À L'ÉQUILIBRE
N1250,"Court reporters, transcriptionists, records management technician And statistical officers","Sténographes judiciaires, transcripteurs/transcriptrices, techniciens/techniciennes à la gestion des documents et agents/agentes de statistiques",19300,-700,5600,1000,5900,7500,1700,-3700,5500,BALANCE,À L'ÉQUILIBRE,Balance,À L'ÉQUILIBRE
N1311,Accounting technician and bookkeepers,Techniciens/techniciennes en comptabilité et teneurs/teneuses de livres.,163700,16700,56100,10000,82700,21600,7400,51300,80300,BALANCE,À L'ÉQUILIBRE,Balance,À L'ÉQUILIBRE
N1312,"Insurance adjusters and claims examiners; Insurance underwriters; Assessors, valuators and appraisers & Customs, ship and other brokers","Experts/expertes en sinistres et rédacteurs/rédactrices sinistres; Assureurs/assureures; Estimateurs/estimatrices et évaluateurs/évaluatrices; Courtiers/courtières en douanes, courtiers maritimes/courtières maritimes et autres courtiers/courtières.",63100,3600,12400,2600,18600,18200,3100,-3100,18200,BALANCE,À L'ÉQUILIBRE,Balance,À L'ÉQUILIBRE
N1411,General office support workers,Employés de soutien de bureau généraux/employées de soutien de bureau générales.,152300,-23400,56100,6000,38700,60100,15000,-40500,34600,BALANCE,À L'ÉQUILIBRE,Balance,À L'ÉQUILIBRE
N1414,Receptionists,Réceptionnistes.,160300,10900,42300,6900,60000,57600,9300,-8400,58500,BALANCE,À L'ÉQUILIBRE,Balance,À L'ÉQUILIBRE
N1415,Personnel  and Court clerks,Commis des services du personnel et des services judiciaires.,13000,1100,2400,500,4000,4100,1100,-1300,3900,BALANCE,À L'ÉQUILIBRE,Balance,À L'ÉQUILIBRE
N1422,Data entry clerks & Desktop publishing operators and related occupations,Commis à la saisie de données; Opérateurs/opératrices d'équipement d'éditique et personnel assimilé.,37500,-6300,10200,1400,5300,13500,4000,-12100,5300,SURPLUS,SURPLUS,Surplus,SURPLUS
N1431,Accounting and related clerks,Commis à la comptabilité et personnel assimilé.,145500,-9300,45900,6000,42700,34000,11500,-4500,40900,BALANCE,À L'ÉQUILIBRE,Balance,À L'ÉQUILIBRE
N1432,Payroll clerks,Commis à la paye.,39800,4000,12100,1600,17700,9800,2000,6100,17900,BALANCE,À L'ÉQUILIBRE,Balance,À L'ÉQUILIBRE
N1434,"Banking, insurance and other financial clerks & Collectors","Commis de banque, d'assurance et d'autres services financiers; Agents/agentes de recouvrement.",46300,-11200,9700,1500,-100,17100,4700,-20900,800,BALANCE,À L'ÉQUILIBRE,Balance,À L'ÉQUILIBRE
N1450,"Library, correspondence and other clerks","Commis de bibliothèque, de correspondance et autres commis",51500,-3000,16000,2200,15300,18900,4300,-9600,13500,SURPLUS,SURPLUS,Surplus,SURPLUS
N1511,"Mail, postal and related workers",Commis au courrier et aux services postaux et personnel assimilé.,30800,-100,12500,1700,14000,3800,2500,7700,13900,BALANCE,À L'ÉQUILIBRE,Balance,À L'ÉQUILIBRE
N1512,Letter carriers,Facteurs/factrices.,30200,1100,10000,1200,12400,2400,700,8700,11900,BALANCE,À L'ÉQUILIBRE,Balance,À L'ÉQUILIBRE
N1513,"Couriers, messengers and door-to-door distributors",Messagers/messagères et distributeurs/distributrices porte-à-porte.,23000,-2300,11300,1200,10200,3900,2300,3600,9800,BALANCE,À L'ÉQUILIBRE,Balance,À L'ÉQUILIBRE
N1521,Shippers and receivers,Expéditeurs/expéditrices et réceptionnaires.,113700,-2100,26300,4900,29100,23900,14700,-12700,25900,BALANCE,À L'ÉQUILIBRE,Balance,À L'ÉQUILIBRE
N1522,Storekeepers and partspersons; Production logistics co-ordinators & Purchasing and inventory control workers,Magasiniers/magasinières et commis aux pièces; Coordonnateurs/coordonnatrices de la logistique de la production; Commis aux achats et au contrôle de l'inventaire.,68600,4000,17100,3000,24100,18000,7400,-2900,22400,BALANCE,À L'ÉQUILIBRE,Balance,À L'ÉQUILIBRE
N1525,Dispatchers & Transportation route and crew schedulers,Répartiteurs/répartitrices; Horairistes de trajets et d'équipages.,42600,4400,6900,1700,13000,11100,1600,800,13500,BALANCE,À L'ÉQUILIBRE,Balance,À L'ÉQUILIBRE
N2110,Physical science professionals,Professionnels/professionnelles des sciences physiques,34900,5200,8600,1800,15700,16600,5600,-7700,14600,BALANCE,À L'ÉQUILIBRE,Balance,À L'ÉQUILIBRE
N2120,Life science professionals,Professionnels/professionnelles des sciences de la vie,23700,3100,4600,1100,8700,13400,3300,-8000,8600,BALANCE,À L'ÉQUILIBRE,Balance,À L'ÉQUILIBRE
N2131,Civil engineers,Ingénieurs civils/ingénieures civiles.,53900,7700,9000,2400,19100,28500,8400,-16400,20500,BALANCE,À L'ÉQUILIBRE,Balance,À L'ÉQUILIBRE
N2132,Mechanical engineers,Ingénieurs mécaniciens/ingénieures mécaniciennes.,37300,2700,7200,1600,11500,18300,6100,-12500,11800,BALANCE,À L'ÉQUILIBRE,Balance,À L'ÉQUILIBRE
N2133,Electrical and electronics engineers,Ingénieurs électriciens et électroniciens/ingénieures électriciennes et électroniciennes.,34000,2900,6800,1400,11100,16200,7200,-12000,11400,BALANCE,À L'ÉQUILIBRE,Balance,À L'ÉQUILIBRE
N2134,Chemical engineers,Ingénieurs chimistes/ingénieures chimistes.,10600,1000,1800,600,3400,4900,1900,-2900,3900,BALANCE,À L'ÉQUILIBRE,Surplus,SURPLUS
N2141,Industrial and manufacturing engineers & Metallurgical and materials engineers,Ingénieurs/ingénieures d'industrie et de fabrication; Ingénieurs/ingénieures métallurgistes et des matériaux.,17800,1700,2800,700,5200,7200,3100,-5100,5200,BALANCE,À L'ÉQUILIBRE,Balance,À L'ÉQUILIBRE
N2143,Mining engineers; Geological engineers & Petroleum engineers,Ingénieurs miniers/ingénieures minières; Ingénieurs géologues/ingénieures géologues; Ingénieurs/ingénieures de l'extraction et du raffinage du pétrole.,20900,2700,4000,900,7500,12200,2700,-7200,7700,SURPLUS,SURPLUS,Surplus,SURPLUS
N2146,"Aerospace engineers & Other professional engineers, n.e.c.","Ingénieurs/ingénieures en aérospatiale; Autres ingénieurs/ingénieures, n.c.a..",36900,5400,9700,1900,17000,14000,1700,-2600,13100,BALANCE,À L'ÉQUILIBRE,Shortage,PÉNURIE
N2147,Computer engineers (except software engineers and designers),Ingénieurs informaticiens/ingénieures informaticiennes (sauf ingénieurs/ingénieures et concepteurs/conceptrices en logiciel).,24600,4500,4300,1300,10100,8400,5600,-3300,10700,BALANCE,À L'ÉQUILIBRE,Balance,À L'ÉQUILIBRE
N2151,Architects,Architectes.,17900,2200,4600,900,7800,10600,2300,-5400,7400,BALANCE,À L'ÉQUILIBRE,Balance,À L'ÉQUILIBRE
N2152,Landscape architects; Urban and land use planners & Land surveyors,Architectes paysagistes; Urbanistes et planificateurs/planificatrices de l'utilisation des sols; Arpenteurs-géomètres/arpenteuses-géomètres.,16600,1600,4300,700,6600,8600,1400,-3400,6700,BALANCE,À L'ÉQUILIBRE,Balance,À L'ÉQUILIBRE
N2161,"Mathematicians, statisticians and actuaries","Mathématiciens/mathématiciennes, statisticiens/statisticiennes et actuaires.",10100,1400,1400,500,3200,6000,1500,-4300,3100,SHORTAGE,PÉNURIE,Shortage,PÉNURIE
N2171,Information systems analysts and consultants,Analystes et consultants/consultantes en informatique.,196300,45200,46100,8800,100100,52200,22100,23200,97600,SHORTAGE,PÉNURIE,Shortage,PÉNURIE
N2172,Database analysts and data administrators,Analystes de bases de données et administrateurs/administratrices de données.,35500,9600,6400,1600,17500,11900,2400,2300,16600,SHORTAGE,PÉNURIE,Shortage,PÉNURIE
N2173,Software engineers and designers,Ingénieurs/ingénieures et concepteurs/conceptrices en logiciel.,51800,10700,7900,2100,20700,24400,8600,-11200,21700,SHORTAGE,PÉNURIE,Shortage,PÉNURIE
N2174,Computer programmers and interactive media developers,Programmeurs/programmeuses et développeurs/développeuses en médias interactifs.,151900,24400,22300,5600,52300,68900,17800,-33000,53800,SHORTAGE,PÉNURIE,Shortage,PÉNURIE
N2175,Web designers and developers,Concepteurs/conceptrices et développeurs/développeuses Web.,32400,4900,3400,1100,9500,14600,3400,-8600,9400,BALANCE,À L'ÉQUILIBRE,Balance,À L'ÉQUILIBRE
N2210,Technical occupations in physical sciences,Personnel technique des sciences physiques,27400,2900,3800,1100,7800,15000,3700,-10300,8500,BALANCE,À L'ÉQUILIBRE,Balance,À L'ÉQUILIBRE
N2221,Biological technologists and technician,Technologues et techniciens/techniciennes en biologie.,12800,1100,1700,500,3300,6100,800,-3300,3500,BALANCE,À L'ÉQUILIBRE,Balance,À L'ÉQUILIBRE
N2222,Agricultural and fish products inspectors; Forestry technologists and technician & Conservation and fishery officers,Inspecteurs/inspectrices des produits agricoles et de la pêche; Technologues et techniciens/techniciennes en sciences forestières; Techniciens/techniciennes du milieu naturel et de la pêche.,14400,100,2300,700,3100,4700,600,-2200,3100,BALANCE,À L'ÉQUILIBRE,Balance,À L'ÉQUILIBRE
N2225,Landscape and horticulture technician and specialists,Techniciens/techniciennes et spécialistes de l'aménagement paysager et de l'horticulture.,21100,4100,3600,1100,8800,5100,800,3600,9500,BALANCE,À L'ÉQUILIBRE,Surplus,SURPLUS
N2231,Civil engineering technologists and technician,Technologues et techniciens/techniciennes en génie civil.,25000,3100,3400,900,7400,12400,1700,-6500,7700,BALANCE,À L'ÉQUILIBRE,Balance,À L'ÉQUILIBRE
N2232,Mechanical engineering technologists and technician,Technologues et techniciens/techniciennes en génie mécanique.,20900,2700,3600,1000,7200,5300,1600,800,7700,SHORTAGE,PÉNURIE,Shortage,PÉNURIE
N2233,Industrial engineering and manufacturing technologists and technician,Technologues et techniciens/techniciennes en génie industriel et en génie de fabrication.,29100,1900,3700,1200,6700,5800,2100,-900,7000,SHORTAGE,PÉNURIE,Shortage,PÉNURIE
N2234,Construction estimators,Estimateurs/estimatrices en construction.,19800,1200,4200,1000,6400,4500,1200,1200,6900,BALANCE,À L'ÉQUILIBRE,Balance,À L'ÉQUILIBRE
N2241,Electrical and electronics engineering technologists and technician,Technologues et techniciens/techniciennes en génie électronique et électrique.,31600,2600,8000,1400,12100,10500,3400,-2000,11900,BALANCE,À L'ÉQUILIBRE,Balance,À L'ÉQUILIBRE
N2242,Electronic service technician (household and business equipment),Électroniciens/électroniciennes d'entretien (biens domestiques et commerciaux).,58500,1200,14200,2400,17900,14300,5100,-2000,17500,BALANCE,À L'ÉQUILIBRE,Balance,À L'ÉQUILIBRE
N2243,"Industrial instrument technician and mechanics & Aircraft instrument, electrical and avionics mechanics, technician and inspectors","Techniciens/techniciennes et mécaniciens/mécaniciennes d'instruments industriels; Mécaniciens/mécaniciennes, techniciens/techniciennes et contrôleurs/contrôleuses d'avionique et d'instruments et d'appareillages électriques d'aéronefs.",15200,1600,4600,800,7000,5300,800,400,6500,BALANCE,À L'ÉQUILIBRE,Balance,À L'ÉQUILIBRE
N2250,"Technical occupations in architecture, drafting, surveying, geomatics","Personnel technique en architecture, en dessin, en arpentage, en géomatique et en météorologie",63200,4800,14100,2700,21600,26900,5500,-12300,20200,BALANCE,À L'ÉQUILIBRE,Balance,À L'ÉQUILIBRE
N2261,Non-destructive testers and inspection technician; Engineering inspectors and regulatory officers & Inspectors in public and environmental health and occupational health and safety,"Vérificateurs/vérificatrices et essayeurs/essayeuses des essais non destructifs; Inspecteurs/inspectrices d'ingénierie et officiers/officières de réglementation; Inspecteurs/inspectrices de la santé publique, de l'environnement et de l'hygiène et de la sécurité au travail.",47500,5400,11400,2000,18800,14300,1900,3200,19400,BALANCE,À L'ÉQUILIBRE,Balance,À L'ÉQUILIBRE
N2264,Construction inspectors,Inspecteurs/inspectrices en construction.,22800,2700,5700,1100,9600,3800,900,4700,9400,BALANCE,À L'ÉQUILIBRE,Balance,À L'ÉQUILIBRE
N2270,Transportation officers and controllers,Officiers/officières et contrôleurs/contrôleuses des services de transport,30400,2900,9700,1500,14200,6700,1700,1300,9700,BALANCE,À L'ÉQUILIBRE,Shortage,PÉNURIE
N2281,Computer network technician,Techniciens/techniciennes de réseau informatique.,50400,6500,14500,2100,23200,17200,7900,-3100,22000,BALANCE,À L'ÉQUILIBRE,Balance,À L'ÉQUILIBRE
N2282,User support technician & Information systems testing technician,Agents/agentes de soutien aux utilisateurs; Évaluateurs/évaluatrices de systèmes informatiques.,106300,14600,20500,3900,39000,36900,9200,1800,47900,BALANCE,À L'ÉQUILIBRE,Surplus,SURPLUS
N3011,Nursing co-ordinators and supervisors,Coordonnateurs/coordonnatrices et superviseurs/superviseures des soins infirmiers.,31100,7500,9200,1700,18300,2400,400,15200,18000,BALANCE,À L'ÉQUILIBRE,Balance,À L'ÉQUILIBRE
N3012,Registered nurses and registered psychiatric nurses,Infirmiers autorisés/infirmières autorisées et infirmiers psychiatriques autorisés/infirmières psychiatriques autorisées.,312900,75600,68600,12900,157100,101300,19600,23000,143900,SHORTAGE,PÉNURIE,Shortage,PÉNURIE
N3111,Specialist physicians,Médecins spécialistes.,49500,15900,10200,3000,29100,17800,4300,-2600,19600,SHORTAGE,PÉNURIE,Shortage,PÉNURIE
N3112,General practitioners and family physicians,Omnipraticiens/omnipraticiennes et médecins en médecine familiale.,69000,22100,15600,4300,42000,13300,4400,3400,21100,SHORTAGE,PÉNURIE,Shortage,PÉNURIE
N3113,Dentists,Dentistes.,21400,2200,5000,1300,8500,5800,900,700,7400,BALANCE,À L'ÉQUILIBRE,Shortage,PÉNURIE
N3114,Veterinarians,Vétérinaires.,10200,1100,2000,500,3600,4500,700,-1600,3600,BALANCE,À L'ÉQUILIBRE,Balance,À L'ÉQUILIBRE
N3120,"Optometrists, chiropractors and other health diagnosing and treating professionals","Optométristes, chiropraticiens/chiropraticiennes et autres professionnels/professionnelles en diagnostic et en traitement de la santé",32000,7700,5400,1600,14700,7700,1100,4700,13500,BALANCE,À L'ÉQUILIBRE,Shortage,PÉNURIE
N3131,Pharmacists,Pharmaciens/pharmaciennes.,43600,6800,6400,1800,15000,13100,3400,-1400,15100,BALANCE,À L'ÉQUILIBRE,Balance,À L'ÉQUILIBRE
N3132,Dietitians and nutritionists,Diététistes et nutritionnistes.,12200,2500,1200,500,4200,6600,600,-3000,4200,BALANCE,À L'ÉQUILIBRE,Balance,À L'ÉQUILIBRE
N3141,Audiologists and speech-language pathologists,Audiologistes et orthophonistes.,15600,3500,1800,600,5900,4500,600,0,5100,SHORTAGE,PÉNURIE,Shortage,PÉNURIE
N3142,Physiotherapists,Physiothérapeutes.,31200,7700,3500,1300,12500,10000,1700,-700,11000,SHORTAGE,PÉNURIE,Shortage,PÉNURIE
N3143,Occupational therapists & Other professional occupations in therapy and assessment,Ergothérapeutes; Autres professionnels/professionnelles en thérapie et en diagnostic.,26500,5900,3000,1200,10100,9400,1200,-1500,9000,BALANCE,À L'ÉQUILIBRE,Shortage,PÉNURIE
N3211,Medical laboratory technologists & Medical laboratory technician and pathologists' assistants,Technologues de laboratoires médicaux; Techniciens/techniciennes de laboratoire médical et assistants/assistantes en pathologie.,47300,7800,10600,2000,20500,17700,3900,-1000,20600,BALANCE,À L'ÉQUILIBRE,Balance,À L'ÉQUILIBRE
N3213,Animal health technologists and veterinary technician,Technologues en santé animale et techniciens/techniciennes vétérinaires.,17200,3700,1300,500,5500,11900,1000,-5100,7800,BALANCE,À L'ÉQUILIBRE,Surplus,SURPLUS
N3214,"Respiratory therapists, clinical perfusionists and cardiopulmonary technologists; Medical radiation technologists & Medical sonographers","Inhalothérapeutes, perfusionnistes cardiovasculaires et technologues cardiopulmonaires; Technologues en radiation médicale; Technologues en échographie.",42800,9000,6800,1700,17500,17600,1900,-2200,17300,SHORTAGE,PÉNURIE,Shortage,PÉNURIE
N3217,"Cardiology technologists and electrophysiological diagnostic technologists, n.e.c. & Other medical technologists and technician (except dental health)","Technologues en cardiologie et technologues en électrophysiologie diagnostique, n.c.a.; Autres technologues et techniciens/techniciennes des sciences de la santé (sauf soins dentaires).",58500,11800,9300,2000,23100,19500,3600,-500,22600,BALANCE,À L'ÉQUILIBRE,Balance,À L'ÉQUILIBRE
N3220,Technical occupations in dental health care,Personnel technique en soins dentaires,34400,5300,6200,1400,12800,13200,2100,-2500,12800,BALANCE,À L'ÉQUILIBRE,Balance,À L'ÉQUILIBRE
N3231,Opticians,Opticiens/opticiennes d'ordonnances.,14400,1900,3100,700,5700,3200,400,1500,5100,BALANCE,À L'ÉQUILIBRE,Shortage,PÉNURIE
N3232,Practitioners of natural healing; Massage therapists & Other technical occupations in therapy and assessment,Praticiens/praticiennes des médecines douces; Massothérapeutes; Autre personnel technique en thérapie et en diagnostic.,46200,12300,11300,2100,25800,16500,2700,7100,26400,SHORTAGE,PÉNURIE,Shortage,PÉNURIE
N3233,Licensed practical nurses,Infirmiers auxiliaires/infirmières auxiliaires.,74200,11300,18100,3000,32400,27200,3600,-2700,28100,BALANCE,À L'ÉQUILIBRE,Shortage,PÉNURIE
N3234,Paramedical occupations,Personnel ambulancier et paramédical.,21500,2200,3700,800,6800,12000,700,-6200,6500,BALANCE,À L'ÉQUILIBRE,Balance,À L'ÉQUILIBRE
N3411,Dental assistants,Assistants/assistantes dentaires.,30400,3800,4300,1100,9200,15400,2500,-7800,10100,BALANCE,À L'ÉQUILIBRE,Surplus,SURPLUS
N3413,"Nurse aides, orderlies and patient service associates & Other assisting occupations in support of health services","Aides-infirmiers/aides-infirmières, aides-soignants/aides-soignantes et préposés/préposées aux bénéficiaires; Autre personnel de soutien des services de santé.",297400,72800,68100,14500,155400,69500,25200,63300,158100,BALANCE,À L'ÉQUILIBRE,Balance,À L'ÉQUILIBRE
N4011,University professors and lecturers,Professeurs/professeures et chargés/chargées de cours au niveau universitaire.,68900,5000,21000,4200,30200,21400,13000,-3900,30500,BALANCE,À L'ÉQUILIBRE,Balance,À L'ÉQUILIBRE
N4012,Post-secondary teaching and research assistants,Assistants/assistantes d'enseignement et de recherche au niveau postsecondaire.,72800,4600,4000,2100,10700,32100,6700,-27900,11000,BALANCE,À L'ÉQUILIBRE,Balance,À L'ÉQUILIBRE
N4021,College and other vocational instructors,Enseignants/enseignantes au niveau collégial et autres instructeurs/instructrices en formation professionnelle.,110600,4800,32000,5800,42600,29600,8000,1500,39100,BALANCE,À L'ÉQUILIBRE,Balance,À L'ÉQUILIBRE
N4031,Secondary school teachers,Enseignants/enseignantes au niveau secondaire.,150900,10100,30000,6000,46100,64400,6300,-23900,46800,BALANCE,À L'ÉQUILIBRE,Balance,À L'ÉQUILIBRE
N4032,Elementary school and kindergarten teachers,Enseignants/enseignantes aux niveaux primaire et préscolaire.,296800,39400,48300,11300,98900,131700,8100,-38000,101800,BALANCE,À L'ÉQUILIBRE,Balance,À L'ÉQUILIBRE
N4033,Educational counsellors,Conseillers/conseillères en information scolaire.,28700,2000,7100,1100,10300,9900,1100,-900,10100,BALANCE,À L'ÉQUILIBRE,Balance,À L'ÉQUILIBRE
N4110,"Judges, lawyers and Quebec notaries","Juges, avocats/avocates (partout au Canada) et notaires (au Québec)",99800,13200,24400,5200,42800,40400,3000,0,43400,BALANCE,À L'ÉQUILIBRE,Balance,À L'ÉQUILIBRE
N4151,Psychologists,Psychologues.,29000,6600,8000,2000,16500,4900,1300,9200,15400,SHORTAGE,PÉNURIE,Shortage,PÉNURIE
N4152,Social workers & Probation and parole officers and related occupations,Travailleurs sociaux/travailleuses sociales; Agents/agentes de probation et de libération conditionnelle et personnel assimilé.,71700,12600,12400,2900,28000,29700,2600,-2700,29600,BALANCE,À L'ÉQUILIBRE,Balance,À L'ÉQUILIBRE
N4153,"Family, marriage and other related counsellors","Thérapeutes conjugaux/thérapeutes conjugales, thérapeutes familiaux/thérapeutes familiales et autres conseillers assimilés/conseillères assimilées.",40200,3200,9700,1800,14700,16800,1200,-3300,14700,BALANCE,À L'ÉQUILIBRE,Balance,À L'ÉQUILIBRE
N4154,Professional occupations in religion,Personnel professionnel relié à la religion.,31300,1600,11300,2100,15000,6800,3600,4300,14700,BALANCE,À L'ÉQUILIBRE,Balance,À L'ÉQUILIBRE
N4156,Employment counsellors,Conseillers/conseillères en emploi.,20800,2400,4500,1000,7900,5800,1200,400,7400,BALANCE,À L'ÉQUILIBRE,Balance,À L'ÉQUILIBRE
N4161,"Natural and applied science policy researchers, consultants and program officers","Recherchistes, experts-conseils/expertes-conseils et agents/agentes de programmes, en sciences naturelles et appliquées.",27900,4300,5500,1300,11100,13600,1900,-3800,11800,BALANCE,À L'ÉQUILIBRE,Balance,À L'ÉQUILIBRE
N4162,Economists and economic policy researchers and analysts & Business development officers and marketing researchers and consultants,"Économistes, recherchistes et analystes des politiques économiques; Agents/agentes de développement économique, recherchistes et experts-conseils/expertes-conseils en marketing.",69300,8800,8400,2500,19800,31600,7600,-17900,21200,BALANCE,À L'ÉQUILIBRE,Balance,À L'ÉQUILIBRE
N4164,"Social policy researchers, consultants and program officers & Health policy researchers, consultants and program officers","Recherchistes, experts-conseils/expertes-conseils et agents/agentes de programmes en politiques sociales; Recherchistes, experts-conseils/expertes-conseils et agents/agentes de programmes en politiques de la santé.",81000,14900,14300,3400,32600,33200,4700,-4000,33900,BALANCE,À L'ÉQUILIBRE,Balance,À L'ÉQUILIBRE
N4166,"Education policy researchers, consultants and program officers & Recreation, sports and fitness policy researchers, consultants and program officers","Recherchistes, experts-conseils/expertes-conseils et agents/agentes de programmes en politiques de l'enseignement; Recherchistes, experts-conseils/expertes-conseils et agents/agentes de programme en sports, en loisirs et en conditionnement physique.",35700,4000,7600,1700,13300,11200,2100,-100,13200,BALANCE,À L'ÉQUILIBRE,Balance,À L'ÉQUILIBRE
N4168,"Program officers unique to government & Other professional occupations in social science, n.e.c.","Agents/agentes de programmes propres au gouvernement; Autres professionnels/professionnelles des sciences sociales, n.c.a..",10600,1200,3400,700,5200,6600,800,-2000,5400,SURPLUS,SURPLUS,Surplus,SURPLUS
N4211,Paralegal and related occupations,Techniciens/techniciennes juridiques et personnel assimilé.,36100,5800,5600,1500,12900,11400,1000,1000,13500,BALANCE,À L'ÉQUILIBRE,Balance,À L'ÉQUILIBRE
N4212,Social and community service workers,Travailleurs/travailleuses des services sociaux et communautaires.,131600,23600,22700,5200,51600,50900,7000,-3400,54500,BALANCE,À L'ÉQUILIBRE,Balance,À L'ÉQUILIBRE
N4214,Early childhood educators and assistants,Éducateurs/éducatrices et aides-éducateurs/aides-éducatrices de la petite enfance.,253800,46000,37800,10300,94100,84300,18600,-3700,99200,BALANCE,À L'ÉQUILIBRE,Balance,À L'ÉQUILIBRE
N4215,Instructors of persons with disabilities,Instructeurs/instructrices pour personnes ayant une déficience.,7100,200,1400,300,1900,2700,700,-1500,1800,BALANCE,À L'ÉQUILIBRE,Balance,À L'ÉQUILIBRE
N4216,Other instructors & Other religious occupations,Autres instructeurs/instructrices; Autre personnel relié à la religion.,38000,2100,9200,1700,13000,8700,2900,1700,13400,BALANCE,À L'ÉQUILIBRE,Balance,À L'ÉQUILIBRE
N4311,Police officers (except commissioned),Policiers/policières (sauf cadres supérieurs).,80100,5700,14700,2700,23100,20100,1800,-400,21500,BALANCE,À L'ÉQUILIBRE,Balance,À L'ÉQUILIBRE
N4312,Firefighters & Non-commissioned ranks of the Canadian Forces,Pompiers/pompières; Sous-officiers/sous-officières des Forces canadiennes.,32100,2600,6800,1100,10600,8600,900,1300,10800,BALANCE,À L'ÉQUILIBRE,Balance,À L'ÉQUILIBRE
N4411,Home child care providers,Gardiens/gardiennes d'enfants en milieu familial.,42200,1600,7300,1700,10600,13700,23300,-26800,10200,BALANCE,À L'ÉQUILIBRE,Balance,À L'ÉQUILIBRE
N4412,"Home support workers, housekeepers and related occupations","Aides familiaux résidents/aides familiales résidentes, aides de maintien à domicile et personnel assimilé.",78400,5600,24600,4200,34400,14100,13800,7500,35400,BALANCE,À L'ÉQUILIBRE,Balance,À L'ÉQUILIBRE
N4413,Elementary and secondary school teacher assistants,Aides-enseignants/aides-enseignantes aux niveaux primaire et secondaire.,98300,10900,25200,5100,41200,18300,5900,17400,41600,BALANCE,À L'ÉQUILIBRE,Balance,À L'ÉQUILIBRE
N4420,Legal and public protection support occupations,Personnel juridique et de soutien des services de protection public,30600,2900,7600,1400,11800,10300,1100,600,12000,BALANCE,À L'ÉQUILIBRE,Balance,À L'ÉQUILIBRE
N5110,"Librarians, archivists, conservators and curators","Professionnels/professionnelles des bibliothèques, des archives, des musées et des galeries d'art",14200,900,3800,700,5300,6400,900,-1800,5400,BALANCE,À L'ÉQUILIBRE,Balance,À L'ÉQUILIBRE
N5121,Authors and writers; Editors & Journalists,"Auteurs/auteures, rédacteurs/rédactrices et écrivains/écrivaines; Réviseurs/réviseures, rédacteurs-réviseurs/rédactrices-réviseures et chefs du service des nouvelles; Journalistes.",52100,4700,12600,2900,20200,21200,3600,-4600,20200,SURPLUS,SURPLUS,Surplus,SURPLUS
N5125,"Translators, terminologists and interpreters","Traducteurs/traductrices, terminologues et interprètes.",20900,2400,6100,1500,10000,5600,2500,1700,9800,BALANCE,À L'ÉQUILIBRE,Balance,À L'ÉQUILIBRE
N5131,"Producers, directors, choreographers and related occupations & Conductors, composers and arrangers","Producteurs/productrices, réalisateurs/réalisatrices, chorégraphes et personnel assimilé; Chefs d'orchestre, compositeurs/compositrices et arrangeurs/arrangeuses.",33800,3000,4800,1500,9400,12400,1700,-4600,9500,BALANCE,À L'ÉQUILIBRE,Balance,À L'ÉQUILIBRE
N5133,"Musicians and singers; Dancers; Actors and comedians & Painters, sculptors and other visual artists","Musiciens/musiciennes et chanteurs/chanteuses; Danseurs/danseuses; Acteurs/actrices et comédiens/comédiennes; Peintres, sculpteurs/sculpteures et autres artistes des arts visuels.",68000,3700,16100,3500,23300,20900,4500,-2600,22700,BALANCE,À L'ÉQUILIBRE,Balance,À L'ÉQUILIBRE
N5210,"Technical occupations in libraries, public archives, museums and art galleries","Personnel technique des bibliothèques, des archives publiques, des musées et des galeries d'art",16400,1400,3900,700,6000,7300,700,-2000,6000,BALANCE,À L'ÉQUILIBRE,Balance,À L'ÉQUILIBRE
N5221,Photographers,Photographes.,21700,2400,3100,900,6400,6200,1300,-1100,6300,BALANCE,À L'ÉQUILIBRE,Balance,À L'ÉQUILIBRE
N5222,"Film/video camera operators; Graphic arts technician; Broadcast technician; Audio/video recording technician; Other tech. / co-ord. occupations in motion picture, broadcasting, arts & Support occupations in motion picture, broadcasting, photography and the performing arts","Cadreurs/cadreuses de films et cadreurs/cadreuses vidéo; Techniciens/techniciennes en graphisme; Techniciens/techniciennes en radiotélédiffusion; Techniciens/techniciennes en enregistrement audio et vidéo; Autre personnel technique et personnel de coordination du cinéma, de la radiotélédiffusion et des arts de la scène; Personnel de soutien du cinéma, de la radiotélédiffusion, de la photographie et des arts de la scène. ",46900,5500,3700,1800,11100,18400,3400,-10100,11600,BALANCE,À L'ÉQUILIBRE,Balance,À L'ÉQUILIBRE
N5230,"Announcers and other performers, n.e.c.","Annonceurs/annonceures et autres artistes de spectacle, n.c.a.",12500,1100,2000,700,3800,3700,700,-100,4300,BALANCE,À L'ÉQUILIBRE,Surplus,SURPLUS
N5241,Graphic designers and illustrators,Designers graphiques et illustrateurs/illustratrices.,84400,11200,6900,3300,21400,31800,6300,-16900,21200,SHORTAGE,PÉNURIE,Shortage,PÉNURIE
N5242,Interior designers and interior decorators,Designers d'intérieur et décorateurs/décoratrices d'intérieur.,27300,3700,4900,1600,10300,8900,1800,-400,10300,SHORTAGE,PÉNURIE,Shortage,PÉNURIE
N5243,"Theatre, fashion, exhibit and other creative designers & Artisans and craftspersons; Patternmakers - textile, leather and fur products","Ensembliers/ensemblières de théâtre, dessinateurs/dessinatrices de mode, concepteurs/conceptrices d'expositions et autres concepteurs/conceptrices artistiques; Artisans/artisanes; Patronniers/patronnières de produits textiles et d'articles en cuir et en fourrure.",21000,700,4300,1100,6100,6200,2700,-2800,6000,BALANCE,À L'ÉQUILIBRE,Balance,À L'ÉQUILIBRE
N5250,"Athletes, coaches, referees and related occupations","Athlètes, entraîneurs/entraîneuses, arbitres et personnel assimilé des sports et des loisirs",137000,22500,10800,4400,37800,57900,4100,-19400,42500,BALANCE,À L'ÉQUILIBRE,Surplus,SURPLUS
N6211,Retail sales supervisors,Superviseurs/superviseures des ventes - commerce de détail.,213500,26300,35100,8900,70300,48400,4100,23000,75500,BALANCE,À L'ÉQUILIBRE,Balance,À L'ÉQUILIBRE
N6221,Technical sales specialists - wholesale trade,Spécialistes des ventes techniques - commerce de gros.,131700,10800,34200,5700,50700,26700,4900,18300,49900,BALANCE,À L'ÉQUILIBRE,Balance,À L'ÉQUILIBRE
N6222,Retail and wholesale buyers,Acheteurs/acheteuses des commerces de détail et de gros.,30800,3300,9900,1500,14700,6800,3600,3300,13800,BALANCE,À L'ÉQUILIBRE,Balance,À L'ÉQUILIBRE
N6231,Insurance agents and brokers,Agents/agentes et courtiers/courtières d'assurance.,73300,4600,19300,3700,27600,15900,4000,7800,27700,BALANCE,À L'ÉQUILIBRE,Balance,À L'ÉQUILIBRE
N6232,Real estate agents and salespersons,Agents/agentes et vendeurs/vendeuses en immobilier.,93300,9100,34500,5700,49300,13700,2400,32200,48200,BALANCE,À L'ÉQUILIBRE,Balance,À L'ÉQUILIBRE
N6235,Financial sales representatives,Représentants/représentantes des ventes financières.,47600,4600,8200,1700,14500,18700,5500,-9300,14800,BALANCE,À L'ÉQUILIBRE,Balance,À L'ÉQUILIBRE
N6311,Food service supervisors,Superviseurs/superviseures des services alimentaires.,63500,11000,6500,2000,19500,21300,4500,-5800,20100,BALANCE,À L'ÉQUILIBRE,Balance,À L'ÉQUILIBRE
N6312,"Executive housekeepers & Accommodation, travel, tourism and related services supervisors; Customer and information services supervisors; Cleaning supervisors; Other services supervisors","Gouvernants principaux/gouvernantes principales; Superviseurs/superviseures des services d'hébergement, de voyages, de tourisme et des services connexes; Superviseurs/superviseures des services d'information et des services à la clientèle; Surveillants/surveillantes des services de nettoyage; Surveillants/surveillantes des autres services. ; ",115700,13700,31100,5600,50400,19800,4200,26400,50400,BALANCE,À L'ÉQUILIBRE,Balance,À L'ÉQUILIBRE
N6321,Chefs,Chefs.,65500,14600,7300,2800,24600,18500,10600,-3000,26100,BALANCE,À L'ÉQUILIBRE,Balance,À L'ÉQUILIBRE
N6322,Cooks,Cuisiniers/cuisinières.,205800,18500,25900,7700,52200,60200,26000,-27600,58600,BALANCE,À L'ÉQUILIBRE,Surplus,SURPLUS
N6331,"Butchers, meat cutters and fishmongers - retail and wholesale","Bouchers/bouchères, coupeurs/coupeuses de viande et poissonniers/poissonnières - commerce de gros et de détail.",40900,4200,9300,1700,15200,10600,1800,2500,14900,BALANCE,À L'ÉQUILIBRE,Balance,À L'ÉQUILIBRE
N6332,Bakers,Boulangers-pâtissiers/boulangères-pâtissières.,40600,3400,9200,1700,14300,12300,7900,-6700,13500,BALANCE,À L'ÉQUILIBRE,Balance,À L'ÉQUILIBRE
N6341,Hairstylists and barbers,Coiffeurs/coiffeuses et barbiers/barbières.,96400,2600,8700,4100,15400,34600,6300,-26600,14200,BALANCE,À L'ÉQUILIBRE,Balance,À L'ÉQUILIBRE
N6342,"Tailors, dressmakers, furriers and milliners & Shoe repairers and shoemakers; Jewellers, jewellery and watch repairers and related occupations; Upholsterers; Funeral directors and embalmers","Tailleurs/tailleuses, couturiers/couturières, fourreurs/fourreuses et modistes; Cordonniers/cordonnières et fabricants/fabricantes de chaussures; Bijoutiers/bijoutières, réparateurs/réparatrices de bijoux, horlogers-rhabilleurs/horlogères-rhabilleuses et personnel assimilé; Tapissiers-garnisseurs/tapissières-garnisseuses; Directeurs/directrices de funérailles et embaumeurs/embaumeuses. ; ",36900,-100,3200,2900,6000,5300,2700,-1500,6400,BALANCE,À L'ÉQUILIBRE,Balance,À L'ÉQUILIBRE
N6411,Sales and account representatives - wholesale trade (non-technical),Représentants/représentantes des ventes et des comptes - commerce de gros (non-technique).,273300,30100,57600,13600,101300,51700,7500,42800,102000,BALANCE,À L'ÉQUILIBRE,Balance,À L'ÉQUILIBRE
N6421,Retail salespersons,Vendeurs/vendeuses - commerce de détail.,543800,16300,82800,21300,120500,178700,51400,-100500,129600,BALANCE,À L'ÉQUILIBRE,Balance,À L'ÉQUILIBRE
N6511,Maîtres d'hôtel and hosts/hostesses,Maîtres d'hôtel et hôtes/hôtesses.,56800,11100,2700,1800,15600,21200,700,-6600,15300,BALANCE,À L'ÉQUILIBRE,Balance,À L'ÉQUILIBRE
N6512,Bartenders,Barmans/barmaids.,42800,100,2800,1300,4200,16100,1300,-12200,5200,BALANCE,À L'ÉQUILIBRE,Balance,À L'ÉQUILIBRE
N6513,Food and beverage servers,Serveurs/serveuses d'aliments et de boissons.,188600,11400,13600,5800,30700,79600,14800,-58800,35600,BALANCE,À L'ÉQUILIBRE,Balance,À L'ÉQUILIBRE
N6521,Travel counsellors,Conseillers/conseillères en voyages.,18600,-2000,4100,900,3000,6100,2900,-6500,2500,BALANCE,À L'ÉQUILIBRE,Balance,À L'ÉQUILIBRE
N6522,Pursers and flight attendants,Commissaires et agents/agentes de bord.,12700,1300,1200,400,2900,4800,500,-2200,3100,BALANCE,À L'ÉQUILIBRE,Balance,À L'ÉQUILIBRE
N6523,"Airline ticket and service agents & Ground and water transport ticket agents, cargo service representatives and related clerks","Agents/agentes à la billetterie et aux services aériens; Agents/agentes à la billetterie, représentants/représentantes du service en matière de fret et personnel assimilé dans le transport routier et maritime.",16300,100,2200,700,3000,3600,1200,-1800,3000,BALANCE,À L'ÉQUILIBRE,Balance,À L'ÉQUILIBRE
N6525,Hotel front desk clerks,Réceptionnistes d'hôtel.,24700,2000,2400,1000,5400,10500,2900,-8600,4800,BALANCE,À L'ÉQUILIBRE,Balance,À L'ÉQUILIBRE
N6530,Tourism and amusement services occupations,Personnel des services de tourisme et de loisirs,15000,0,2800,600,3500,4200,2300,-2500,3900,SURPLUS,SURPLUS,Surplus,SURPLUS
N6541,Security guards and related security service occupations,Agents/agentes de sécurité et personnel assimilé des services de sécurité.,114300,12300,28100,6900,47400,31500,15800,-1800,45500,BALANCE,À L'ÉQUILIBRE,Balance,À L'ÉQUILIBRE
N6551,Customer services representatives - financial institutions,Représentants/représentantes au service à la clientèle - institutions financières.,80100,-4700,19300,2900,17600,32200,10000,-25800,16400,BALANCE,À L'ÉQUILIBRE,Balance,À L'ÉQUILIBRE
N6552,Other customer and information services representatives,Autres préposés/autres préposées aux services d'information et aux services à la clientèle.,165700,5300,37900,6600,49800,57100,19000,-23100,52900,SURPLUS,SURPLUS,Surplus,SURPLUS
N6561,"Image, social and other personal consultants; Pet groomers and animal care workers & Other personal service occupations","Conseillers/conseillères imagistes, conseillers mondains/conseillères mondaines et autres conseillers/conseillères en soins personnalisés; Soigneurs/soigneuses d'animaux et travailleurs/travailleuses en soins des animaux; Autre personnel de services personnalisés.",30600,1200,5800,1500,8500,12200,1100,-4500,8800,BALANCE,À L'ÉQUILIBRE,Balance,À L'ÉQUILIBRE
N6562,"Estheticians, electrologists and related occupations","Esthéticiens/esthéticiennes, électrolystes et personnel assimilé.",48900,4400,5100,1800,11300,17700,5400,-11600,11500,BALANCE,À L'ÉQUILIBRE,Balance,À L'ÉQUILIBRE
N6611,Cashiers,Caissiers/caissières.,355900,14200,42300,12000,68400,112000,32200,-73900,70300,BALANCE,À L'ÉQUILIBRE,Balance,À L'ÉQUILIBRE
N6621,Service station attendants,Préposés/préposées de stations-service.,15500,-1000,1700,600,1300,5000,1900,-5500,1400,BALANCE,À L'ÉQUILIBRE,Balance,À L'ÉQUILIBRE
N6622,"Store shelf stockers, clerks and order fillers","Garnisseurs/garnisseuses de tablettes, commis et préposés/préposées aux commandes dans les magasins.",191300,15500,27100,7500,50200,58200,16000,-19100,55100,BALANCE,À L'ÉQUILIBRE,Balance,À L'ÉQUILIBRE
N6623,Other sales related occupations,Autre personnel assimilé des ventes.,38600,2800,10100,2200,15100,11000,3900,-1100,13800,BALANCE,À L'ÉQUILIBRE,Balance,À L'ÉQUILIBRE
N6711,"Food counter attendants, kitchen helpers and related support occupations","Serveurs/serveuses au comptoir, aides de cuisine et personnel de soutien assimilé.",363500,41100,29500,11400,81900,117300,45300,-54100,108500,BALANCE,À L'ÉQUILIBRE,Surplus,SURPLUS
N6720,"Support occupations in accommodation, travel and amusement services","Personnel de soutien en services d'hébergement, de voyage et de loisirs",49100,6800,6600,2000,15400,18100,1500,-3800,15800,BALANCE,À L'ÉQUILIBRE,Balance,À L'ÉQUILIBRE
N6731,Light duty cleaners,Préposés/préposées à l'entretien ménager et au nettoyage - travaux légers.,237400,26800,62500,12500,101800,31000,41800,29100,101900,BALANCE,À L'ÉQUILIBRE,Balance,À L'ÉQUILIBRE
N6732,Specialized cleaners,Nettoyeurs spécialisés/nettoyeuses spécialisées.,48400,5000,6100,2100,13200,12000,3600,-3300,12200,BALANCE,À L'ÉQUILIBRE,Balance,À L'ÉQUILIBRE
N6733,"Janitors, caretakers and building superintendents",Concierges et surintendants/surintendantes d'immeubles.,186300,9700,60300,11500,81500,22400,19800,34000,76200,BALANCE,À L'ÉQUILIBRE,Balance,À L'ÉQUILIBRE
N6740,"Other service support and related occupations, n.e.c.","Autres services de soutien et personnel assimilé, n.c.a.",48200,1100,13700,2700,17500,9500,5700,1900,17100,BALANCE,À L'ÉQUILIBRE,Balance,À L'ÉQUILIBRE
N7201,"Contractors and supervisors, machining, metal forming, shaping and erecting trades and related occupations","Entrepreneurs/entrepreneuses et contremaîtres/contremaîtresses des machinistes et du personnel des métiers du formage, du profilage et du montage des métaux et personnel assimilé.",18100,1800,3300,800,5900,1900,300,4000,6200,BALANCE,À L'ÉQUILIBRE,Balance,À L'ÉQUILIBRE
N7202,"Contractors and supervisors, electrical trades and telecommunications occupations",Entrepreneurs/entrepreneuses et contremaîtres/contremaîtresses en électricité et en télécommunications.,38400,4200,7300,1700,13200,4100,900,7700,12700,BALANCE,À L'ÉQUILIBRE,Balance,À L'ÉQUILIBRE
N7203,"Contractors and supervisors, pipefitting trades",Entrepreneurs/entrepreneuses et contremaîtres/contremaîtresses en tuyauterie.,13000,1200,2500,600,4300,1600,100,2700,4300,BALANCE,À L'ÉQUILIBRE,Balance,À L'ÉQUILIBRE
N7204,"Contractors and supervisors, carpentry trades",Entrepreneurs/entrepreneuses et contremaîtres/contremaîtresses en charpenterie.,29600,4500,4600,1200,10300,5600,600,4400,10500,BALANCE,À L'ÉQUILIBRE,Balance,À L'ÉQUILIBRE
N7205,"Contractors and supervisors, other construction trades, installers, repairers and servicers",Entrepreneurs/entrepreneuses et contremaîtres/contremaîtresses des autres métiers de la construction et des services de réparation et d'installation.,71600,8400,16100,3100,27600,11000,1800,14100,27000,BALANCE,À L'ÉQUILIBRE,Balance,À L'ÉQUILIBRE
N7231,Machinists and machining and tooling inspectors & Tool and die makers,Machinistes et vérificateurs/vérificatrices d'usinage et d'outillage; Outilleurs-ajusteurs/outilleuses-ajusteuses.,45100,3300,12200,2500,18000,9900,3700,3000,16600,BALANCE,À L'ÉQUILIBRE,Balance,À L'ÉQUILIBRE
N7233,Sheet metal workers; Boilermakers; Structural metal and platework fabricators and fitters & Ironworkers,Tôliers/tôlières; Chaudronniers/chaudronnières; Assembleurs/assembleuses et ajusteurs/ajusteuses de plaques et de charpentes métalliques; Monteurs/monteuses de charpentes métalliques.,50200,5100,5600,2100,12800,15200,1400,-3300,13200,BALANCE,À L'ÉQUILIBRE,Balance,À L'ÉQUILIBRE
N7237,Welders and related machine operators,Soudeurs/soudeuses et opérateurs/opératrices de machines à souder et à braser.,91100,8600,11900,3500,24000,38000,8000,-21200,24800,SURPLUS,SURPLUS,Surplus,SURPLUS
N7241,Electricians (except industrial and power system),Électriciens/électriciennes (sauf électriciens industriels/électriciennes industrielles et de réseaux électriques).,91800,13300,13900,3500,30800,48100,4600,-19600,33100,SURPLUS,SURPLUS,Surplus,SURPLUS
N7242,Industrial electricians & Power system electricians,Électriciens industriels/électriciennes industrielles; Électriciens/électriciennes de réseaux électriques.,33100,2900,9900,1600,14500,8500,1100,3700,13300,BALANCE,À L'ÉQUILIBRE,Balance,À L'ÉQUILIBRE
N7244,Electrical power line and cable workers & Telecommunications line and cable workers,Monteurs/monteuses de lignes électriques et de câbles; Monteurs/monteuses de lignes et de câbles de télécommunications.,23500,1700,4000,800,6600,9400,1000,-3300,7100,BALANCE,À L'ÉQUILIBRE,Balance,À L'ÉQUILIBRE
N7246,Telecommunications installation and repair workers & Cable television service and maintenance technician,Installateurs/installatrices et réparateurs/réparatrices de matériel de télécommunications; Techniciens/techniciennes en montage et en entretien d'installations de câblodistribution.,32300,1500,6100,1300,8900,8200,3400,-2200,9400,BALANCE,À L'ÉQUILIBRE,Balance,À L'ÉQUILIBRE
N7251,Plumbers,Plombiers/plombières.,47900,7300,4900,1700,13900,23200,2400,-10700,14900,BALANCE,À L'ÉQUILIBRE,Balance,À L'ÉQUILIBRE
N7252,"Steamfitters, pipefitters and sprinkler system installers & Gas fitters","Tuyauteurs/tuyauteuses, monteurs/monteuses d'appareils de chauffage et poseurs/poseuses de gicleurs; Monteurs/monteuses d'installations au gaz.",27500,2700,3400,1000,7100,11900,1000,-3900,9100,SURPLUS,SURPLUS,Surplus,SURPLUS
N7271,Carpenters,Charpentiers-menuisiers/charpentières-menuisières.,124900,1800,21100,4900,27800,48200,9600,-28200,29700,BALANCE,À L'ÉQUILIBRE,Balance,À L'ÉQUILIBRE
N7272,Cabinetmakers,Ébénistes.,8100,-700,2000,300,1700,3100,2300,-3700,1700,SURPLUS,SURPLUS,Surplus,SURPLUS
N7281,Bricklayers,Briqueteurs-maçons/briqueteuses-maçonnes.,14900,1600,2000,600,4300,5700,2000,-3100,4600,BALANCE,À L'ÉQUILIBRE,Balance,À L'ÉQUILIBRE
N7282,Concrete finishers & Tilesetters,Finisseurs/finisseuses de béton; Carreleurs/carreleuses.,23700,2700,3800,1100,7600,5300,2900,0,8300,BALANCE,À L'ÉQUILIBRE,Surplus,SURPLUS
N7284,"Plasterers, drywall installers and finishers and lathers","Plâtriers/plâtrières, poseurs/poseuses et finisseurs/finisseuses de systèmes intérieurs et latteurs/latteuses.",32100,1700,3400,1200,6200,7000,3500,-3900,6600,BALANCE,À L'ÉQUILIBRE,Balance,À L'ÉQUILIBRE
N7291,Roofers and shinglers,Couvreurs/couvreuses et poseurs/poseuses de bardeaux.,21400,900,1900,700,3600,6700,2100,-4500,4300,BALANCE,À L'ÉQUILIBRE,Surplus,SURPLUS
N7292,Glaziers & Insulators,Vitriers/vitrières; Calorifugeurs/calorifugeuses.,15000,1700,2000,600,4300,5100,2200,-2500,4800,SURPLUS,SURPLUS,Surplus,SURPLUS
N7294,Painters and decorators (except interior decorators),Peintres et décorateurs/décoratrices (sauf décorateurs/décoratrices d'intérieur).,47300,4100,9400,2400,15900,8900,5200,2300,16300,BALANCE,À L'ÉQUILIBRE,Balance,À L'ÉQUILIBRE
N7295,Floor covering installers,Poseurs/poseuses de revêtements d'intérieur.,16400,1300,1900,700,3900,3100,2100,-1300,4000,BALANCE,À L'ÉQUILIBRE,Balance,À L'ÉQUILIBRE
N7301,"Contractors and supervisors, mechanic trades & Supervisors, printing and related occupations",Entrepreneurs/entrepreneuses et contremaîtres/contremaîtresses en mécanique; Surveillants/surveillantes de l'imprimerie et du personnel assimilé.,75600,5900,22800,3700,32400,7300,900,24400,32600,BALANCE,À L'ÉQUILIBRE,Balance,À L'ÉQUILIBRE
N7302,"Contractors and supervisors, heavy equipment operator crews",Entrepreneurs/entrepreneuses et contremaîtres/contremaîtresses des équipes d'opérateurs d'équipement lourd.,47300,8500,12700,2200,23400,5200,1000,16000,22200,BALANCE,À L'ÉQUILIBRE,Balance,À L'ÉQUILIBRE
N7304,"Supervisors, railway transport operations & Supervisors, motor transport and other ground transit operators",Surveillants/surveillantes des opérations du transport ferroviaire; Surveillants/surveillantes du transport routier et du transport en commun.,47400,6400,15100,2600,24100,3500,200,19200,22900,BALANCE,À L'ÉQUILIBRE,Balance,À L'ÉQUILIBRE
N7311,Construction millwrights and industrial mechanics,Mécaniciens/mécaniciennes de chantier et mécaniciens industriels/mécaniciennes industrielles.,79800,1200,25600,3700,30500,16600,3300,9400,29400,BALANCE,À L'ÉQUILIBRE,Balance,À L'ÉQUILIBRE
N7312,Heavy-duty equipment mechanics,Mécaniciens/mécaniciennes d'équipement lourd.,60700,7600,15000,2800,25300,22100,1700,1800,25600,BALANCE,À L'ÉQUILIBRE,Balance,À L'ÉQUILIBRE
N7313,Refrigeration and air conditioning mechanics; machine fitters & Elevator constructors and mechanics,Mécaniciens/mécaniciennes en réfrigération et en climatisation; Ajusteurs/ajusteuses de machines; Constructeurs/constructrices et mécaniciens/mécaniciennes d'ascenseurs.,39300,5200,6700,1600,13600,11600,1600,700,13900,BALANCE,À L'ÉQUILIBRE,Balance,À L'ÉQUILIBRE
N7314,Railway carmen/women & Aircraft mechanics and aircraft inspectors,Réparateurs/réparatrices de wagons; Mécaniciens/mécaniciennes et contrôleurs/contrôleuses d'aéronefs.,14800,-600,3800,600,3800,4000,1000,-1200,3800,BALANCE,À L'ÉQUILIBRE,Balance,À L'ÉQUILIBRE
N7321,"Automotive service technician, truck and bus mechanics and mechanical repairers","Mécaniciens/mécaniciennes et réparateurs/réparatrices de véhicules automobiles, de camions et d'autobus.",119300,1400,21900,4600,27900,41000,8400,-19100,30200,BALANCE,À L'ÉQUILIBRE,Balance,À L'ÉQUILIBRE
N7322,Motor vehicle body repairers,Débosseleurs/débosseleuses et réparateurs/réparatrices de carrosserie.,32400,800,7700,1600,10000,8100,1500,-300,9300,BALANCE,À L'ÉQUILIBRE,Balance,À L'ÉQUILIBRE
N7330,Other mechanics and related repairers,Autres mécaniciens/mécaniciennes et réparateurs/réparatrices connexes,31100,900,6300,1400,8600,8500,1300,-700,9100,SURPLUS,SURPLUS,Surplus,SURPLUS
N7360,Train crew operating occupations,Personnel des opérations du transport ferroviaire,10700,0,2900,500,3400,2500,200,700,3400,SURPLUS,SURPLUS,Surplus,SURPLUS
N7370,"Crane operators, drillers and blasters","Grutiers/grutières, foreurs/foreuses et dynamiteurs/dynamiteuses",22200,2500,4000,900,7500,4100,600,2500,7200,BALANCE,À L'ÉQUILIBRE,Balance,À L'ÉQUILIBRE
N7380,"Printing press operators and other trades and related occupations, n.e","Personnel de l'imprimerie, autre personnel des métiers et personnel assimilé, n.c.a.",23500,-3700,5300,1000,2600,4400,1100,-3100,2400,SURPLUS,SURPLUS,Surplus,SURPLUS
N7441,Residential and commercial installers and servicers,"Personnel d'installation, d'entretien et de réparation d'équipement résidentiel et commercial.",41600,3200,5300,1600,10100,14000,3900,-9300,8600,BALANCE,À L'ÉQUILIBRE,Balance,À L'ÉQUILIBRE
N7442,"Waterworks and gas maintenance workers; Pest controllers and fumigators & Other installers, repairers and servicers",Personnel d'entretien des canalisations d'eau et de gaz; Fumigateurs/fumigatrices et préposés/préposées au contrôle de la vermine; Autres réparateurs/réparatrices et préposés/préposées à l'entretien.,22800,2800,4900,1100,8700,4600,1100,3400,9200,BALANCE,À L'ÉQUILIBRE,Balance,À L'ÉQUILIBRE
N7450,Longshore workers and material handlers,Débardeurs/débardeuses et manutentionnaires,185100,6000,36700,7700,50400,48000,21000,-22600,46300,BALANCE,À L'ÉQUILIBRE,Balance,À L'ÉQUILIBRE
N7511,Transport truck drivers,Conducteurs/conductrices de camions de transport.,304000,30800,68000,15900,114700,34100,18600,50500,103200,BALANCE,À L'ÉQUILIBRE,Shortage,PÉNURIE
N7512,"Bus drivers, subway operators and other transit operators",Conducteurs/conductrices d'autobus et opérateurs/opératrices de métro et autres transports en commun.,81900,6700,31600,5700,44100,4100,3600,35300,42900,BALANCE,À L'ÉQUILIBRE,Balance,À L'ÉQUILIBRE
N7513,Taxi and limousine drivers and chauffeurs,"Chauffeurs/chauffeuses de taxi, chauffeurs/chauffeuses de limousine et chauffeurs/chauffeuses.",53700,5100,15900,3600,24600,4100,6400,13900,24400,BALANCE,À L'ÉQUILIBRE,Balance,À L'ÉQUILIBRE
N7514,Delivery and courier service drivers,Chauffeurs-livreurs/chauffeuses-livreuses - services de livraison et de messagerie.,69800,2900,15700,3700,22300,12600,7500,700,20700,BALANCE,À L'ÉQUILIBRE,Balance,À L'ÉQUILIBRE
N7521,Heavy equipment operators(except crane),Conducteurs/conductrices d'équipement lourd (sauf les grues).,77200,3600,14900,3800,22300,16800,1900,3100,21800,SURPLUS,SURPLUS,Surplus,SURPLUS
N7522,Public works maintenance equipment operators and related workers,Conducteurs/conductrices de machinerie d'entretien public et personnel assimilé.,30200,4400,5200,1300,10900,4700,500,5300,10500,BALANCE,À L'ÉQUILIBRE,Balance,À L'ÉQUILIBRE
N7530,Other transport equipment operators and related maintenance workers,Autres conducteurs/conductrices de matériel de transport et personnel d'entretien assimilé,32600,1300,6500,1300,9100,13500,2000,-6300,9100,BALANCE,À L'ÉQUILIBRE,Balance,À L'ÉQUILIBRE
N7610,Trades helpers and labourers,Aides de soutien des métiers et manoeuvres,130200,13400,16900,5100,35300,56400,14500,-31300,39700,BALANCE,À L'ÉQUILIBRE,Surplus,SURPLUS
N7620,"Public works and other labourers, n.e.c.","Manoeuvres aux travaux publics et personnel assimilé, n.c.a.",28500,1600,6200,1200,9000,7700,1300,-400,8700,BALANCE,À L'ÉQUILIBRE,Balance,À L'ÉQUILIBRE
N8211,"Supervisors, logging and forestry",Surveillants/surveillantes de l'exploitation forestière.,5500,0,1000,300,1200,200,0,800,1000,BALANCE,À L'ÉQUILIBRE,Balance,À L'ÉQUILIBRE
N8220,"Contractors and supervisors, mining, oil and gas","Entrepreneurs/entrepreneuses et surveillants/surveillantes de l'exploitation des mines, du pétrole et du gaz",26100,2700,3800,1200,7700,2900,400,3800,7200,SURPLUS,SURPLUS,Surplus,SURPLUS
N8231,Underground production and development miners,"Mineurs/mineuses d'extraction et de préparation, mines souterraines.",23600,3000,2700,1000,6600,3900,200,2900,7000,BALANCE,À L'ÉQUILIBRE,Balance,À L'ÉQUILIBRE
N8232,"Oil and gas well drillers, servicers, testers and related workers",Foreurs/foreuses et personnel de mise à l'essai et des autres services reliés à l'extraction de pétrole et de gaz.,24100,3200,3200,1100,7400,5100,500,2100,7800,SURPLUS,SURPLUS,Surplus,SURPLUS
N8241,Logging machinary operators,Conducteurs/conductrices de machines d'abattage d'arbres.,9800,100,2300,500,3000,1600,100,1000,2700,BALANCE,À L'ÉQUILIBRE,Balance,À L'ÉQUILIBRE
N8252,"Agricultural service contractors, farm supervisors and specialized livestock workers & Contractors and supervisors, landscaping, grounds maintenance and horticulture services","Entrepreneurs/entrepreneuses de services agricoles, surveillants/surveillantes d'exploitations agricoles et ouvriers spécialisés/ouvrières spécialisées dans l'élevage; Entrepreneurs/entrepreneuses et superviseurs/superviseures des services de l'aménagement paysager, de l'entretien des terrains et de l'horticulture.",41200,2500,8500,1800,12800,8700,1500,2500,12600,SURPLUS,SURPLUS,Surplus,SURPLUS
N8260,Fishing vessel masters and fishermen/women,Capitaines de bateaux de pêche et pêcheurs/pêcheuses,11400,-1800,3700,700,2600,1000,200,1500,2700,SURPLUS,SURPLUS,Surplus,SURPLUS
N8410,Mine service workers and operatorsin oil and gas drilling,Personnel d'entretien des mines et du forage des puits de pétrole et de gaz,11800,600,900,500,2000,4500,200,-2900,1900,SURPLUS,SURPLUS,Surplus,SURPLUS
N8420,Logging and forestry workers,Personnel de l'exploitation forestière,9600,-300,2400,500,2600,3800,500,-1900,2300,BALANCE,À L'ÉQUILIBRE,Balance,À L'ÉQUILIBRE
N8431,General farm workers,Ouvriers/ouvrières agricoles.,73200,0,8200,2900,11200,23900,6200,-18800,11300,BALANCE,À L'ÉQUILIBRE,Balance,À L'ÉQUILIBRE
N8432,Nursery and greenhouse workers,Ouvriers/ouvrières de pépinières et de serres.,12200,-800,1400,500,1100,3500,2000,-4700,800,BALANCE,À L'ÉQUILIBRE,Balance,À L'ÉQUILIBRE
N8440,Other workers in fishing and trapping and hunting occupations,Autre personnel de la pêche et personnel du trappage et de la chasse,2700,-400,600,200,400,1200,0,-700,500,SURPLUS,SURPLUS,Surplus,SURPLUS
N8611,Harvesting labourers; Aquaculture and marine harvest labourers & Logging and forestry labourers,Manoeuvres à la récolte; Manoeuvres de l'aquaculture et de la mariculture; Manoeuvres de l'exploitation forestière.,13000,-1300,2500,600,1800,4500,3200,-6300,1400,BALANCE,À L'ÉQUILIBRE,Balance,À L'ÉQUILIBRE
N8612,Landscaping and grounds maintenance labourers,Manoeuvres en aménagement paysager et en entretien des terrains.,82200,9700,10400,4000,24000,33200,4500,-11400,26400,BALANCE,À L'ÉQUILIBRE,Surplus,SURPLUS
N8614,"Mine labourers & Oil and gas drilling, servicing and related labourers","Manoeuvres des mines; Manoeuvres de forage et d'entretien des puits de pétrole et de gaz, et personnel assimilé.",9100,100,900,400,1400,4200,600,-3700,1100,SURPLUS,SURPLUS,Surplus,SURPLUS
N9211,"Supervisors, mineral and metal processing & Supervisors, petroleum, gas and chemical processing and utilities","Surveillants/surveillantes dans la transformation des métaux et des minerais; Surveillants/surveillantes dans le raffinage du pétrole, dans le traitement du gaz et des produits chimiques et dans les services d'utilité publique.",31500,3900,10200,1600,15700,4200,900,9700,14900,BALANCE,À L'ÉQUILIBRE,Balance,À L'ÉQUILIBRE
N9213,"Supervisors, food, beverage and related products processing","Surveillants/surveillantes dans la transformation des aliments, des boissons et des produits connexes.",20200,1500,5900,1000,8400,2900,1500,3500,7900,BALANCE,À L'ÉQUILIBRE,Balance,À L'ÉQUILIBRE
N9214,"Supervisors, plastic and rubber products manufacturing; Supervisors, forest products processing & Supervisors, textile, fabric, fur and leather products processing and manufacturing","Surveillants/surveillantes dans la fabrication de produits en caoutchouc et en plastique; Surveillants/surveillantes dans la transformation des produits forestiers; Surveillants/surveillantes dans la transformation et la fabrication de produits textiles, de tissus, de fourrure et de cuir.",27700,1200,9800,1500,12500,2700,700,8500,12000,BALANCE,À L'ÉQUILIBRE,Balance,À L'ÉQUILIBRE
N9220,"Supervisors, assembly and fabrication",Surveillants/surveillantes dans la fabrication et le montage,61800,2900,19100,3100,25000,5700,1200,17800,24800,BALANCE,À L'ÉQUILIBRE,Balance,À L'ÉQUILIBRE
N9230,Central control and process operatorsin processing and manufacturing,Opérateurs/opératrices de poste central de contrôle dans les procédés de transformation et de fabrication,20200,1600,3500,800,5900,4700,1100,-100,5700,BALANCE,À L'ÉQUILIBRE,Balance,À L'ÉQUILIBRE
N9240,Utilities equipment operators and controllers,Opérateurs/opératrices et contrôleurs/contrôleuses d'équipements d'utilités publiques,39600,2700,8200,1700,12600,9000,1200,1000,11200,BALANCE,À L'ÉQUILIBRE,Balance,À L'ÉQUILIBRE
N9410,machine operators and related workers in mineral and metal products pr,Opérateurs/opératrices de machines dans le traitement et la fabrication des métaux et des minerais et personnel assimilé,100500,7900,27200,4800,39800,16400,6800,14100,37300,BALANCE,À L'ÉQUILIBRE,Balance,À L'ÉQUILIBRE
N9420,"machine operators and related workers in chemical, plastic and rubber","Opérateurs/opératrices de machines dans le traitement de produits chimiques, du caoutchouc et du plastique et personnel assimilé",43900,3000,11900,2100,17000,6700,5300,4400,16400,BALANCE,À L'ÉQUILIBRE,Balance,À L'ÉQUILIBRE
N9431,Sawmill machine operators; Other wood processing machine operators; Lumber graders and other wood processing inspectors and graders & Woodworking machine operators,Opérateurs/opératrices de machines à scier dans les scieries; Autres opérateurs/opératrices de machines dans la transformation du bois; Classeurs/classeuses de bois d'oeuvre et autres vérificateurs/vérificatrices et classeurs/classeuses dans la transformation du bois; Opérateurs/opératrices de machines à travailler le bois.,28300,-1100,8600,1200,8700,4400,1100,2100,7700,BALANCE,À L'ÉQUILIBRE,Balance,À L'ÉQUILIBRE
N9432,Pulp mill machine operators; Papermaking and finishing machine operators& Paper converting machine operators,Opérateurs/opératrices de machines dans les usines de pâte à papier; Opérateurs/opératrices de machines dans la fabrication et la finition du papier; Opérateurs/opératrices de machines à façonner le papier.,14300,-1700,5500,600,4400,2200,700,1600,4500,SURPLUS,SURPLUS,Surplus,SURPLUS
N9441,"Textile fibre and yarn, hide and pelt processing machine operators and workers; Weavers, knitters and other fabric making occupations; Fabric, fur and leather cutters & Inspectors and graders, textile, fabric, fur and leather products manufacturing","Opérateurs/opératrices de machines et travailleurs/travailleuses de traitement des fibres et des fils textiles, du cuir et des peaux; Tisseurs/tisseuses, tricoteurs/tricoteuses et autres opérateurs/opératrices de machines textiles; Coupeurs/coupeuses de tissu, de fourrure et de cuir; Contrôleurs/contrôleuses et trieurs/trieuses dans la fabrication de produits textiles, de tissus, de fourrure et de cuir.",7300,-800,2600,300,2000,1800,1600,-1300,2100,BALANCE,À L'ÉQUILIBRE,Balance,À L'ÉQUILIBRE
N9446,Industrial sewing machine operators,Opérateurs/opératrices de machines à coudre industrielles.,21500,-1400,7200,1200,7000,1200,3100,2700,7000,BALANCE,À L'ÉQUILIBRE,Balance,À L'ÉQUILIBRE
N9461,"Process control and machine operators, food, beverage and related products processing; Fish and seafood plant workers & Testers and graders, food, beverage and related products processing","Opérateurs/opératrices de machines et de procédés industriels dans la transformation des aliments, des boissons et des produits connexes; Ouvriers/ouvrières dans les usines de transformation du poisson et de fruits de mer; Échantillonneurs/échantillonneuses et trieurs/trieuses dans la transformation des aliments, des boissons et des produits connexes.",61500,3300,18000,2800,24100,13100,7000,2500,22600,BALANCE,À L'ÉQUILIBRE,Balance,À L'ÉQUILIBRE
N9462,"Industrial butchers and meat cutters, poultry preparers and related workers","Bouchers industriels/bouchères industrielles, dépeceurs-découpeurs/dépeceuses-découpeuses de viande, préparateurs/préparatrices de volaille et personnel assimilé.",18300,1500,4200,800,6600,2500,5100,-1400,6200,BALANCE,À L'ÉQUILIBRE,Balance,À L'ÉQUILIBRE
N9470,Printing equipment operators and related occupations,Opérateurs/opératrices d'équipement à imprimer et personnel assimilé,17500,-2800,4100,700,2000,2700,2800,-3900,1600,BALANCE,À L'ÉQUILIBRE,Balance,À L'ÉQUILIBRE
N9521,"Aircraft assemblers and aircraft assembly inspectors; Motor vehicle assemblers, inspectors and testers & Mechanical assemblers and inspectors","Monteurs/monteuses d'aéronefs et contrôleurs/contrôleuses de montage d'aéronefs; Assembleurs/assembleuses, contrôleurs/contrôleuses et vérificateurs/vérificatrices de véhicules automobiles; Monteurs/monteuses et contrôleurs/contrôleuses de matériel mécanique.",46500,4000,12200,2200,18400,10300,7600,200,18100,BALANCE,À L'ÉQUILIBRE,Balance,À L'ÉQUILIBRE
N9523,"Electronics assemblers, fabricators, inspectors and testers","Assembleurs/assembleuses, monteurs/monteuses, contrôleurs/contrôleuses et vérificateurs/vérificatrices de matériel électronique.",16100,0,5400,900,6200,3400,4300,-1500,6200,SURPLUS,SURPLUS,Surplus,SURPLUS
N9524,"Assemblers and inspectors, electrical appliance, apparatus and equipment manufacturing & Assemblers, fabricators and inspectors, industrial electrical motors and transformers","Monteurs/monteuses et contrôleurs/contrôleuses dans la fabrication de matériel, d'appareils et d'accessoires électriques; Assembleurs/assembleuses, monteurs/monteuses et contrôleurs/contrôleuses dans la fabrication de transformateurs et de moteurs électriques industriels; Opérateurs/opératrices de machines et contrôleurs/contrôleuses dans la fabrication d'appareils électriques.",17800,1500,5800,1000,8200,3000,2700,2500,8200,BALANCE,À L'ÉQUILIBRE,Balance,À L'ÉQUILIBRE
N9531,"Boat assemblers and inspectors; Plastic products assemblers, finishers and inspectors; Industrial painters, coaters and metal finishing process operators& Other products assemblers, finishers and inspectors","Monteurs/monteuses de bateaux et contrôleurs/contrôleuses de montage de bateaux; Assembleurs/assembleuses, finisseurs/finisseuses et contrôleurs/contrôleuses de produits en plastique; Peintres, enduiseurs/enduiseuses et opérateurs/opératrices de postes de contrôle dans le finissage du métal - secteur industriel; Monteurs/monteuses, finisseurs/finisseuses et contrôleurs/contrôleuses de produits divers.",65900,7600,16000,3400,27000,10700,7200,7900,25700,BALANCE,À L'ÉQUILIBRE,Balance,À L'ÉQUILIBRE
N9532,Furniture and fixture assemblers and inspectors;  Other wood products assemblers and inspectors & Furniture finishers and refinishers,Monteurs/monteuses et contrôleurs/contrôleuses de meubles et d'accessoires; Monteurs/monteuses et contrôleurs/contrôleuses d'autres produits en bois; Finisseurs/finisseuses et restaurateurs/restauratrices de meubles.,40000,800,9700,1800,12300,6200,6500,-1700,11000,BALANCE,À L'ÉQUILIBRE,Balance,À L'ÉQUILIBRE
N9611,Labourers in mineral and metal processing & Labourers in metal fabrication,Manoeuvres dans le traitement des métaux et des minerais; Manoeuvres en métallurgie.,31500,2600,6000,1500,10100,7700,1500,700,10000,BALANCE,À L'ÉQUILIBRE,Balance,À L'ÉQUILIBRE
N9613,Labourers in chemical products processing and utilities & Labourers in rubber and plastic products manufacturing,Manoeuvres dans le traitement des produits chimiques et les services d'utilité publique; Manoeuvres dans la fabrication des produits en caoutchouc et en plastique.,14400,800,4100,700,5600,3900,2600,-500,6000,BALANCE,À L'ÉQUILIBRE,Balance,À L'ÉQUILIBRE
N9614,"Labourers in wood, pulp and paper processing",Manoeuvres dans le traitement des pâtes et papiers et la transformation du bois.,21900,100,4900,900,5900,5900,800,-1300,5300,BALANCE,À L'ÉQUILIBRE,Balance,À L'ÉQUILIBRE
N9616,"Labourers in textile processing & Other labourers in processing, manufacturing and utilities","Manoeuvres des produits du textile; Autres manoeuvres des services de transformation, de fabrication et d'utilité publique.",35000,-600,9500,1600,10500,9000,18900,-18200,9700,SURPLUS,SURPLUS,Surplus,SURPLUS
N9617,"Labourers in food, beverage and related products processing & Labourers in fish and seafood processing","Manoeuvres dans la transformation des aliments, des boissons et des produits connexes; Manoeuvres dans la transformation du poisson et des fruits de mer.",53300,1500,12800,2300,16600,11100,18600,-12800,16900,BALANCE,À L'ÉQUILIBRE,Balance,À L'ÉQUILIBRE
